,method,experiment,jaccard@5,pairwise_agreement
0,ablation,2.0,0.9140476190476189,0.9252898550724638
1,actadd,2.0,0.878095238095238,0.9189786059351277
