method,jaccard@5,pairwise_agreement
ablation,0.9140476190476188,0.9252898550724638
actadd,0.878095238095238,0.9189786059351276
