method,valid,coverage,target_rank,rr,hit@1,hit@5,target_rank_1,target_rank_2,rr_2,hit@1_2,hit@5_2
actadd,1.0,0.9,7.0,0.1555555555555555,0.0,0.5,5.0,9.0,0.1111111111111111,0.0,0.0
baseline,1.0,0.9,6.5,0.1805555555555555,0.0,0.5,4.0,9.0,0.1111111111111111,0.0,0.0
