method,rank_delta,rr_delta,jaccard@5,pairwise_agreement
ablation,0.409,0.0058,0.8419047619047619,0.9092970521541952
actadd,1.0824,0.0217,0.8266666666666667,0.9165532879818594
