method,valid,target_rank,rr,hit@1,hit@5,coverage
ablation,1.0,7.551020408163265,0.13923809523809524,0.0,0.18,0.98
actadd,1.0,6.877551020408164,0.15513492063492063,0.0,0.26,0.98
baseline,,1.0,7.96,0.1333968253968254,0.0,0.06,1.0
