method,valid,target_rank,rr,hit@1,hit@5,coverage
ablation,1.0,6.86,0.15724603174603174,0.0,0.22,1.0
actadd,1.0,5.6,0.21243650793650792,0.02,0.52,1.0
baseline,1.0,7.795918367346939,0.12963492063492063,0.0,0.04,1.0
