method,valid,target_rank,rr,hit@1,hit@5,coverage
ablation,1.0,6.86,0.1572460317460317,0.0,0.22,1.0
actadd,1.0,5.6,0.2124365079365079,0.02,0.52,1.0
baseline,1.0,7.795918367346939,0.1296349206349206,0.0,0.04,1.0
