method,rank_delta,rr_delta,jaccard@5,pairwise_agreement
ablation,0.936,0.0276,0.8733333333333333,0.9052222222222223
actadd,2.196,0.0828,0.88,0.9257777777777778
