method,valid,coverage,target_rank,rr,hit@1,hit@5,target_rank_1
ablation,1.0,0.998,6.14,0.1994285714285714,0.02,0.32,6.14
actadd,1.0,1.0,5.6,0.2314047619047619,0.04,0.42,5.6
baseline,1.0,1.0,7.26,0.1629682539682539,0.02,0.08,7.26
