method,rank_delta,rr_delta,jaccard@5,pairwise_agreement,rr_delta_2
actadd,-0.0510204081632653,0.0111666666666666,0.9133333333333332,0.9446712018140592,-0.002
