method,valid,coverage,target_rank,rr,hit@1,hit@5,target_rank_1,target_rank_2,rr_2,hit@1_2,hit@5_2
actadd,1.0,1.0,5.43,0.2421230158730158,0.0,0.5,3.34,7.52,0.1372460317460317,0.0,0.04
baseline,0.98,0.98,5.36734693877551,0.2309563492063492,0.0,0.5,3.4693877551020407,7.26530612244898,0.1392460317460317,0.0,0.06
