method,rank_delta,rr_delta,jaccard@5,pairwise_agreement
ablation,0.654,0.027,0.8607936507936507,0.9269725125822686
actadd,1.247,0.061,0.8852380952380952,0.9457917150600078
