method,valid,coverage,target_rank,rr,hit@1,hit@5
ablation,1.0,1.0,4.519512195121951,0.221,0.02,0.5
actadd,1.0,1.0,3.926829268292683,0.254,0.06,0.56
baseline,1.0,1.0,5.173913043478261,0.193,0.0,0.54
