method,valid,coverage,target_rank,rr,hit@1,hit@5,target_rank_1,target_rank_2,rr_2,hit@1_2,hit@5_2
actadd,0.84,0.758,6.297619047619048,0.1899563492063492,0.06,0.22,5.857142857142857,6.738095238095238,0.1899761904761904,0.08,0.24
baseline,0.82,0.73,6.060975609756097,0.1856825396825396,0.04,0.27,5.658536585365853,6.463414634146342,0.1960079365079365,0.08,0.24
