method,rank_delta,rr_delta,jaccard@5,pairwise_agreement,rr_delta_2
actadd,-0.2073170731707317,0.0042738095238095,0.5755555555555556,0.8654665118079752,-0.006031746031746
