method,valid,coverage,target_rank,rr,hit@1,hit@5
ablation,1.0,1.0,3.27027027027027,0.3395555555555555,0.16,0.68
actadd,1.0,1.0,2.771428571428572,0.3733333333333333,0.2,0.64
baseline,1.0,1.0,3.75,0.2255238095238095,0.1,0.48
