method,valid,coverage,target_rank,rr,hit@1,hit@5,rr_2,hit@1_2,hit@5_2
actadd,0.98,0.98,5.224489795918367,0.2553650793650793,0.06,0.58,0.3375952380952381,0.12,0.74
baseline,0.98,0.98,5.051020408163265,0.2598694083694083,0.06,0.63,0.3447063492063492,0.12,0.82
