method,rank_delta,rr_delta,jaccard@5,pairwise_agreement,rr_delta_2
actadd,-0.173469387755102,-0.004504329004329,0.8276190476190476,0.8852607709750567,-0.0071111111111111
