method,jaccard@5,pairwise_agreement
ablation,0.92356729015522,0.9123560148609201
actadd,0.887246038532245,0.9002159126924586s
