,method,experiment,jaccard@5,pairwise_agreement
0,ablation,2.0,0.92356729015522,0.9123560148609201
1,actadd,2.0,0.887246038532245,0.9002159126924586s
