method,rank_delta,rr_delta,jaccard@5,pairwise_agreement
ablation,1.11,0.067,0.8283333333333333,0.934875283446712
actadd,1.52,0.101,0.8617460317460317,0.9421768707482991
